﻿Spotify URI,Track Name,Artist Name,Album Name,Game
spotify:track:1wXuogT7bvqnhuWzDBNOdV,Runnin' Wild,Airbourne,Runnin' Wild,NHL
spotify:track:0u8JzRt0TAwSyCl2lPTQmE,Afterlife,Avenged Sevenfold,Avenged Sevenfold,NHL
spotify:track:4hnR3vkREdoAIk5AMIp1E8,Turn Your Back with Anti-Flag,Billy Talent,Turn Your Back w/ Anti-Flag,NHL
spotify:track:0YUh79N1kx9It2sYhG0xWy,Warriors Of Time,Black Tide,Light From Above,NHL
spotify:track:6gHxKXy1f3QinBJQngJ2iN,Hearts Burst into Fire,Bullet For My Valentine,Scream Aim Fire,NHL
spotify:track:2XdOIuv9KNJS2yeu2O1FRu,The Running Free,Coheed and Cambria,The Running Free,NHL
spotify:track:5c8WgLyOX9u4Al1hTP8tzK,Two As One,From First To Last,From First To Last,NHL
spotify:track:1S30kHvkkdMkcuCTGSgS41,Nine In The Afternoon - Radio Mix,Panic! At The Disco,Pretty. Odd.,NHL
spotify:track:5yC9oCxe1moDiKaNx421Uw,Execution Song,Johnossi,Johnossi,NHL
spotify:track:3coMhQQLB5osLJQrDrM4hW,Done Is Done,Millencolin,Machine 15,NHL
spotify:track:3SHxCaqhVMgQ5MDGrObjqo,Do The Panic,Phantom Planet,Raise The Dead,NHL
spotify:track:5E91qh0aLNlgqRPcQ8vy6H,The Dissentience,Protest The Hero,Fortress,NHL
spotify:track:0xxFRkltOJciKuLeLdA7G3,Gilt Complex,Sons And Daughters,The Kiss of the Crocodile (Made In Bound),NHL
spotify:track:7blT8xbagBsBa8GKVCs94N,Cheap And Cheerful,The Kills,Midnight Boom,NHL
spotify:track:5TOXelErjkEwNY0GxCgzR1,Oye Vaya,Earl Greyhound,Suspicious Package,NHL
spotify:track:1jq28NGw6wdtFKx8MBPy6C,Burn It to the Ground,Nickelback,Dark Horse,NHL
spotify:track:4TX98oo7jIqhqeP4KfByFh,Deathsmarch,Cancer Bats,Hail Destroyer,NHL
spotify:track:6X7YGtVtP4NgQERHUq5tyk,Hellions on Parade,CKY,Carver City,NHL
spotify:track:6SlDN489zAvfN2srdMXc7S,Heroes Of Our Time,DragonForce,Ultra Beatdown,NHL
spotify:track:1YWIBrCVIxSrRiFl26wtvu,Anything 'Cept The Truth,Eagles Of Death Metal,Heart On,NHL
spotify:track:5qtwzv99vOr5UTwnTixn7j,Know Your Enemy,Green Day,21st Century Breakdown,NHL
spotify:track:5a2hIQWInPjqkkFiUEgxoX,Peace Sells - Remastered,Megadeth,Peace Sells...But Who's Buying (25th Anniversary),NHL
spotify:track:0MXzEAVNrl3VFrBlJEpXzj,Wake Up!,MeTalkPretty,We Are Strangers,NHL
spotify:track:6i9dXbSk2vPtgciV9ZuRUv,Kids In America,MxPx,On The Cover II,NHL
spotify:track:6jZ4wyxjhblzBMzBbzog01,Into The Light,Papa Roach,Metamorphosis,NHL
spotify:track:5jARoTYmPOASTqw71Q1eR3,Raccoon Eyes,Priestess,Prior To The Fire,NHL
spotify:track:4URprgAeVUsdtvI3CyinRS,The Bravest Kids,Rancid,Let The Dominoes Fall [Expanded Version],NHL
spotify:track:4BZiOihgStiVKMXqL7TzCI,Rock You Like A Hurricane,Scorpions,Bad For Good: The Very Best Of Scorpions,NHL
spotify:track:1ctrJmczPsVgfQv6ZUoALD,Fire It Up,Thousand Foot Krutch,Welcome To The Masquerade,NHL
spotify:track:4F6aOy2hoB1Pj24i1O8xzb,Bottom Of The Well,Airbourne,No Guts. No Glory,NHL
spotify:track:25GC50HslaaruyrKjdu0lP,Your Betrayal,Bullet For My Valentine,Fever,NHL
spotify:track:2Sl9U6mLbNeaE9lT9C32Td,Dialectic Chaos,Megadeth,ENDGAME,NHL
spotify:track:7fcfNW0XxTWlwVlftzfDOR,Walk,Pantera,Vulgar Display Of Power,NHL
spotify:track:43Ej4gu0FygeqOcDwdsCpa,Full Of Regret,Danko Jones,Below The Belt,NHL
spotify:track:3XSLSSg1oNYTnHBf8CPhZz,Strike It Up,Black Box,Dreamland,NHL
spotify:track:3Z4mRSWPxqgUF00zl8Qhf8,Mama Taught Me Better,Black Rebel Motorcycle Club,Beat The Devil’s Tattoo,NHL
spotify:track:0PvNooU2QTGF2GDyRBBXFo,Ole,The Bouncing Souls,Hopeless Romantic,NHL
spotify:track:6Wze1mFZVcT3fj8hTKnBSz,I'm Shipping Up To Boston,Dropkick Murphys,The Departed (Music from the Motion Picture),NHL
spotify:track:1li0jGGRIaMaNNRBV8JXZ4,The Final Countdown,Europe,Playlist: The Very Best Of Europe,NHL
spotify:track:56dD7L7Vn4X9wJzYOFekNS,Unstoppable,Foxy Shazam,Unstoppable,NHL
spotify:track:68YFOeWusWCFxK4TSYZZBU,Blitzkrieg Bop,Ramones,It's Alive,NHL
spotify:track:4YEjTfbxA2gqnIRwLyvsIX,Howlin’ For You,The Black Keys,Brothers,NHL
spotify:track:2pBn9daAkFnO2sGAwT8lHr,Occult Enemies,Against Me!,Russian Spies / Occult Enemies - Single,NHL
spotify:track:2f3TdZJIfTdTFT9ksEiFIi,Standing On The Edge Of The Noise,Beady Eye,"Different Gear, Still Speeding",NHL
spotify:track:3GfGTJ2xzC0rqKgdjNJLOC,Mony Mony,Billy Idol,The Very Best Of Billy Idol: Idolize Yourself,NHL
spotify:track:0KUu0eo0AYYX4S5B4KuSqM,That Fire,Black Tide,That Fire,NHL
spotify:track:6ob5vhfifRB2mSs7Pb8qQz,Farewell,Blackguard,Firefight,NHL
spotify:track:6RlLybAJx6ywXO33p8iqmi,The Sound of Winter,Bush,The Sound of Winter,NHL
spotify:track:5sf4xL607Q7EB72b3rC93s,I Wish I Could Steal A Sunset,Death Letters,Post-Historic,NHL
spotify:track:5TQ9gN9a2QDxz7AF9RFuQz,Hang 'Em High,Dropkick Murphys,Going Out In Style,NHL
spotify:track:3eOFG0vqpsMqhGHTQJmjQi,Don't Bring Me Down,Electric Light Orchestra,All Over The World: The Very Best Of ELO,NHL
spotify:track:7h9fTEEMKLoZZVAoJFdlKz,You've Got Another Thing Comin',Judas Priest,The Best Of Judas Priest: Living After Midnight,NHL
spotify:track:0ZO9SkK819oS0WfvQbnvhc,Busy Bein' Born,Middle Class Rut,No Name No Color,NHL
spotify:track:3zq5fzLhScmxq3D1A2TVzf,"Whatever You Got, I'm Against It",Murderdolls,Women And Children Last (Special Edition),NHL
spotify:track:4fB3jlBGRAtgAXpASJENxP,Platitude,Bloodpit,Platitude,NHL
spotify:track:2Pcu30ruwZeVCM7IkbuXDN,There's a Class for This,Cute Is What We Aim For,The Same Old Blood Rush With A New Touch,NHL
spotify:track:2tzcrRsyOGZWvatLc87TfN,Darkest Days,Good Riddance,My Republic,NHL
spotify:track:7kppYKM3qUkD8BNTQu5eE1,Unkind,Hurt,Vol. 1,NHL
spotify:track:1UHXw34NIIdAQaBlQm2ur4,Sugar Assault Me Now,Pop Levi,Sugar Assault Me Now,NHL
spotify:track:7MwRapnEANpMV3bKcMYpeK,Montreal Calling,Mobile,Tomorrow Starts Today,NHL
spotify:track:03JwzGY394iO9R0bBlNJOR,Wolves in Wolves' Clothing,NOFX,Wolves In Wolves' Clothing,NHL
spotify:track:4WasHaLNGXJmelahGNBwWx,Divinity Within,Protest The Hero,Kezia,NHL
spotify:track:3GEHvlcIARaSk5M46YvyEV,Rise From the Ashes - New Album Version,Quietdrive,The Biggest Loser-Music From The Television Show,NHL
spotify:track:48IW9erDc07KlQRc6cKzAR,Stand Up For Rock 'N' Roll,Airbourne,Runnin' Wild,NHL
spotify:track:3DqvZKn7oF8lDXP4e8PpQh,A Whisper & A Clamor,Anberlin,Cities,NHL
spotify:track:5raMAmvPuK8qIebvsUhOWi,Fa-Fa-Fa,Datarock,Datarock Datarock,NHL
spotify:track:1PiQgd8ht3py76fuS3iPsW,This Is My Head Exploding,Disco Ensemble,First Aid Kit,NHL
spotify:track:7IUL8fv5iIdD03mqkrqDBw,Sorry You're Not A Winner,Enter Shikari,Sorry You're Not A Winner / OK! Time for Plan B,NHL
spotify:track:3vLduB7olyzHJNr98GvjeE,99%,The Mooney Suzuki,Have Mercy,NHL
spotify:track:1PuMQqRrhjJIfAzKNHM4Gw,The Wildfire (If It Was True) - Radio Edit,Mando Diao,Wildfire (If It Was True),NHL
spotify:track:6SpLc7EXZIPpy0sVko0aoU,Misery Business,Paramore,RIOT!,NHL
spotify:track:2NaoMw5hjVpMfaJHh9gv7L,Raw,Scanners,Violence Is Golden,NHL
spotify:track:50SxOtJdnTL8wD9Dr70umg,The Walking Wounded,Bayside,The Walking Wounded (Gold Edition),NHL
spotify:track:4TF00ukZpNOm8ZV4tbUs6O,I Knew You Before,Dustin Kensrue,Please Come Home,NHL
spotify:track:1kN8QqmlwpSs8RcNqmeitu,Turn Up The Radio,Jupiter One,Jupiter One,NHL
spotify:track:6FuYVfoXCNcbMoxHS2LdgE,Kings & Queens,Luna Halo,Luna Halo,NHL
spotify:track:4dzyNm5RK0CePyLu2twiI1,Wolves At Night,Manchester Orchestra,I'm Like A Virgin Losing A Child,NHL
spotify:track:4JafeLQF3W7nTpaqfDDyLv,Compliment Each Other Like Colors,PlayRadioPlay!,The Frequency EP,NHL
spotify:track:4Vp2mwjW2OpS286oOsyl1n,Double Vision,The Ponys,Turn The Lights Out (Standard),NHL
spotify:track:06LfJTFOgq8UdTfeKZJM8W,Comin' Down,The View,Hats Off To The Buskers,NHL
spotify:track:2skBVXmV35MXy81mESMwq5,Jackie Says,The Wolfmen,The Wolfmen EP,NHL
spotify:track:4Zjd71m4AR1eF9WsKkprqF,Knocked Down,Pennywise,"Fuse, The",NHL
spotify:track:7fepUSJnYSUmnFMSbuU8P8,Flag Song,Rock n Roll Soldiers,So Many Musicians To Kill,NHL
spotify:track:0vDbPNJToCssVuKVaRXz6o,Do What You Want,OK Go,Oh No,NHL
spotify:track:2vx5Dc3Zxtd5yGDlh2pAAz,Down in the Past,Mando Diao,Hurricane Bar,NHL
spotify:track:1tjpiqxnb4xEnnS6O9ANKb,Saturday Night,Kaiser Chiefs,Employment,NHL
spotify:track:3mEK1522NWnA5jCru83GpL,Bullet-proof Skin,Institute,Stealth-Music from the Motion Picture,NHL
spotify:track:73A0DxzMGDhVGsvHQSaaBq,Our Lawyer Made Us Change The Name Of This Song So We Wouldn't Get Sued,Fall Out Boy,From Under The Cork Tree,NHL
spotify:track:0qB5jLzJHDyhMTLcTtzSbG,4 Words (To Choke Upon),Bullet For My Valentine,The Poison (Deluxe Version),NHL
spotify:track:2RZWdE8kYPlCAcRUYDeuLC,Red Flag,Billy Talent,Billy Talent II,NHL
spotify:track:5EfSndOJr8Bqq5z4FONbRF,Atomic Love,Beatsteaks,Smack Smash,NHL
spotify:track:3sHH7lklbfpcraDDvYnjo7,Bat Country,Avenged Sevenfold,City Of Evil (PA Version),NHL
spotify:track:0O62ZloCSIqr0Gqlq6XaC9,Bundy,Animal Alpha,Pheromones,NHL
spotify:track:1n3kLBDsFA2yQ4aPQ49yZt,L.E.S Artistes (Switch Remix),Santigold,Globetronica Volume 2,NHL
spotify:track:1H4MrVkqdktMTrIvLm0gtO,Broken Bones,Anti-Flag,The General Strike,NHL
spotify:track:0hUOX70uvvz4PEKsY1UpI6,The Devil Takes Care of His Own,Band Of Skulls,Sweet Sour,NHL
spotify:track:72pGcPxmfoAih1UdAXs2Mp,Pennywise Tribute,Bassnectar,Vava Voom,NHL
spotify:track:2BjMbZrztVVc1MTCGN3XJb,"45""""",The Gaslight Anthem,"45""""",NHL
spotify:track:01aB4nX8sPT5EG9nXCXDn5,Seven Seas Blues,Monster Truck,The Brown EP,NHL
spotify:track:6FhB5ZyT4JsIJ0ozDlXCIp,Save Yourself,My Darkest Days,Sick And Twisted Affair (Deluxe Edition),NHL
spotify:track:4fUOXioOJtxAOuYLrpssvH,What Makes A Good Man?,The Heavy,What Makes A Good Man?,NHL
spotify:track:3VBoE4VheHheYAposDeMGP,I Want More,The Hives,Lex Hives,NHL
spotify:track:5Wss0p07ktqwa3qqrQ2sTB,Days Go By,The Offspring,Days Go By,NHL
spotify:track:7hj2dEEcBL2gfra1Vq3ejh,Bully,Shinedown,Bully,NHL
spotify:track:0AY6XbTfRSk9wpCIQTnwc0,Light Up the Sky,Thousand Foot Krutch,The End Is Where We Begin,NHL
spotify:track:7g8cjrj0sXScNE727685JE,"Kernkraft 400 - DJ Gius Mix, Radio Edit",Zombie Nation,Kernkraft 400 Single Mixes,NHL
spotify:track:5Ckp3uPrGEag7hN1KlOAHm,I'm Alive,Anthrax,Worship Music,NHL
spotify:track:3w4uM3N0xv5fzPclOHOMOG,The Quiet Things That No One Ever Knows,Brand New,Deja Entendu,NHL
spotify:track:0oAdiBT2ps5DUwenjeiayS,The Ghosts of Me and You,Less Than Jake,Anthem,NHL
spotify:track:0kl91ZnPeSZZb3Dm4dkZac,Soul Creation,Cinder,You,NHL
spotify:track:2qv3ZmGmW2RsusJ6ABgTjN,Shatterday,Vendetta Red,Between The Never And The Now Album Advance,NHL
spotify:track:3PKZcxuu3MB1v93lHnt2uJ,S.S. Recognize,Alien Ant Farm,truANT,NHL
spotify:track:0gwv2moqt5IUZ2DGMsNQPd,Punk Rock 101 - Radio Disney Edit,Bowling For Soup,...Plays Well With Others,NHL
spotify:track:2kVQbBvdlzdjAHDltrxn3v,Oh! Ellin,Gob,Foot In Mouth Disease,NHL
spotify:track:1gzWd0ILFaCoHUfQSkCIvl,Minerva,Deftones,Deftones,NHL
spotify:track:7pgdE8H6BNpuOoBiGsQC7U,Life Of Saturdays,Dexter Freebish,A Life Of Saturdays,NHL
spotify:track:2If6F2ULIf7bABfxxReFjB,Get What You Need,Jet,Get Born,NHL
spotify:track:4iV38lxc0Kp3pN06tm0iKk,Falling Down,Dexter Freebish,A Life Of Saturdays,NHL
spotify:track:21AxXluchvVrfrY1LsnStI,Born Under The Gun,Living Things,Black Skies In Broad Daylight,NHL
spotify:track:3RUy1m2LLhDUoCRdmwnUns,Radio #2,The Ataris,"So Long, Astoria",NHL
spotify:track:6MSwwsgf7erYIeDnpc0aa6,Chapter Four,Avenged Sevenfold,Waking The Fallen (Deluxe Edition),NHL
spotify:track:1NSE5HsBXoyLYCh2Oz2PYB,Co-Dependent,Adema,Unstable,NHL
spotify:track:6ponO7WchGoda7rOttnyCu,Orpheus,Ash,Meltdown,NHL
spotify:track:46qL3OlUy75RjuoxDCquzy,Heart Full Of Black,Burning Brides,Heart Full Of Black,NHL
spotify:track:7v0BIFIBqpe93y51o8ZEYb,Time To Go,Dropkick Murphys,Blackout,NHL
spotify:track:343wkgMyAFKZtZmKW3rWWS,Fool The World,Hazen Street,Hazen Street,NHL
spotify:track:6aY1bWgJBAPRUFXqfcwzRf,Karmageddon,The Soundtrack Of Our Lives,Golden Greats No. 1 (Exclusive Version),NHL
spotify:track:2xNln5r06KzE2ABS4Vq4i2,Lazy Generation - Edited,The F-Ups,The F-Ups,NHL
spotify:track:7kw6yVmdZGuRcWGi4adXYT,Take Me Out,Franz Ferdinand,Franz Ferdinand,NHL
spotify:track:324SjQFKyVhTqGc8JpJtDv,Automatic Girl,Lola Ray,I Don't Know You,NHL
spotify:track:3HvgQ4rIhlhYrl7oFVD0S4,Not Listening,Papa Roach,Getting Away With Murder (International Tour Edition),NHL
spotify:track:1UBqvQDlcfRL0BaknLvn1J,From out of Nowhere,Faith No More,The Real Thing,NHL
spotify:track:0zH2JOtW6cwugaVEWaGjmU,Roshambo,The Network,Money Money 2020 (U.S. PA Version),NHL
spotify:track:3YDc2wWMvXG1J1XRTGpPcR,She Loves Me Not,Papa Roach,To Be Loved: The Best Of Papa Roach (Explicit Version),NHL
spotify:track:6oKI26bh1VZcBe3SQNM2ZT,Deny,Default,The Fallout (Limited Edition),NHL
spotify:track:1TTOAw90zzNWKnUgzzcvZW,Pitiful,Blindside,Silence,NHL
spotify:track:7lZzbvX9109WA4SQmrbee6,I've Been Up These Steps,Gob,Foot In Mouth Disease,NHL
spotify:track:0GpcAPIkP03REPmoDfsnBg,Simple Minded,Dragpipe,Music For The Last Day Of Your Life,NHL
spotify:track:4catOYlPuPtGQ1ZooWqm37,Slow Me Down,Default,The Fallout (Limited Edition),NHL
spotify:track:0YQfhg5OhBajiuMbtQFxPs,Sweetness,Jimmy Eat World,Bleed American (Deluxe Edition),NHL
spotify:track:5VVuxxuQIJD0pjjFls1DKL,No One Knows,Queens of the Stone Age,No One Knows (International Version),NHL
spotify:track:1AEYT6VxrxXPMoQUxsY0E4,Headstrong,Trapt,Trapt,NHL
spotify:track:6kHqWuZ7fKuurYDxeRmhPf,Hundred Million,Treble Charger,Detox,NHL
spotify:track:5kD9T7GForh8LnRz5ClbL8,The Middle,Jimmy Eat World,Bleed American (Deluxe Edition),NHL
spotify:track:5MRnl37NzHpo0qwtvjFeBj,It's Only Me (The Wizard of Magicland),Barenaked Ladies,Disc One: All Their Greatest Hits 1991-2001,NHL
spotify:track:5uqSODNtR9v24h6dEgpoCS,I Hear You Calling,Gob,Foot In Mouth Disease,NHL
spotify:track:4dzOxPZFYX77xpMwv4EhnO,Fat Lip,Sum 41,"All Killer, No Filler",NHL
spotify:track:3fufbknk4HZgu4VGYnX4C2,Makes No Difference,Sum 41,Half Hour Of Power,NHL
spotify:track:4T0knUv1rvSStaAZMq6IAZ,Temptation,The Tea Party,Tangents - The Tea Party Collection,NHL
spotify:track:6RhWsJ7Q4ylMjjV6AjxlMW,American Psycho,Treble Charger,Wide Awake Bored,NHL
spotify:track:21ds3otTAkFwaer06gavOY,Live It Up,Airbourne,Live It Up,NHL
spotify:track:0kRe6heARXjNGlGoVi6Svx,Modern Magic Formula,Biffy Clyro,Opposites (Deluxe),NHL
spotify:track:6kgIzi8apvywnRasZqGaOY,Let The Day Begin,Black Rebel Motorcycle Club,Specter At The Feast,NHL
spotify:track:5jcUBmKzxC49xfovTdJinq,In The End,Black Veil Brides,In the End,NHL
spotify:track:54FOk0YrTvnNOaVknpscN0,Gluttony,Buckcherry,Confessions,NHL
spotify:track:0btZTAxif1xt88EZ5Y1nLq,Riot,Bullet For My Valentine,Temper Temper (Deluxe Version),NHL
spotify:track:31PQjjoBTgmjXYrZO9n6NW,The Boys Are Back,Dropkick Murphys,Signed And Sealed In Blood,NHL
spotify:track:38nG1aEcCAJBcFZ06MpnEo,"Fire, Fire",Heaven's Basement,Filthy Empire,NHL
spotify:track:3wj2b82UWaV47L5zQsD90k,Harlem,New Politics,Harlem,NHL
spotify:track:5S299Ojoe6oepD23UTBYS4,Lanterns,Rise Against,Endgame,NHL
spotify:track:0MsMXSrisarWOSuRAFTmRu,Been Away Too Long,Soundgarden,King Animal,NHL
spotify:track:4juq76lIar8YWOLpYMXUAG,Joker And The Thief,Wolfmother,Wolfmother,NHL
spotify:track:5NhOXmEBbftFMBygv7GhZh,Bring It On Home,The Hellacopters,Rock & Roll Is Dead,NHL
spotify:track:5ciqyuB1G3ulnQsNGmoOE8,Giants,Bear Hands,Distraction,NHL
spotify:track:1fQhJpNkhjWtbafu7PKjYx,Control - Jacob Plant Remix,"Benny Benassi, Gary Go",Control,NHL
spotify:track:241WbNEMRiJuqjYJIqN4Ab,Chain Gang,Close Your Eyes,Prepackaged Hope,NHL
spotify:track:2sQk0fW6AWiYl3GOdOExKa,Trainwreck 1979,Death From Above 1979,Trainwreck 1979,NHL
spotify:track:3Hm56AnDFySYREnBzKrNBF,How Good Does It Feel,Empires,How Good Does It Feel,NHL
spotify:track:1cl8nlRjg4Q2ZjlNnOoZUl,El Dorado,Every Time I Die,From Parts Unknown,NHL
spotify:track:2E43WFS4rRc09za2r2GmZl,My Songs Know What You Did In The Dark (Light Em Up),Fall Out Boy,Save Rock And Roll,NHL
spotify:track:1vtw9tnmmymkFJS2yqBOgy,What I'm Talkin Bout,Franc Wyte,Franc Wyte EP,NHL
spotify:track:1Dv5ZZO9pVzOgUfOYcH78U,TWERK,Heroes x Villains,TWERK,NHL
spotify:track:59iJua476fbi3PbddfPrez,The City,Madeon,The City,NHL
spotify:track:6sS0cYdBJCjTW9pgitwsCk,White Lies,Max Frost,Low High Low,NHL
spotify:track:0SiY70lUH4Lyr47Zo4DtcU,Black Sap Scriptures,Plague Vendor,Free To Eat,NHL
spotify:track:7lYioyxZZDThE5gXM24rva,Sea Of Voices,Porter Robinson,Worlds,NHL
spotify:track:0CM020GEM96jMmVYy3tMFe,Lionheart,PUP,PUP,NHL
spotify:track:332VtPXyj8rEBarpMT3mI4,Come and Get It,Summer of '69,One for the Road,NHL
spotify:track:32sgKP55X4g8PNDmxwlEpP,Forget About The Trouble,the Graveltones,Don't Wait Down,NHL
spotify:track:6JFiiJgKjz9kbcQN6wQsrJ,Fisting The Fan Base,The Night Marchers,Allez Allez,NHL
spotify:track:7ii7UyUZdA8BxEoRleO9lW,Odyssey,No Wyld,Abstract EP,NHL
spotify:track:35iV6DJvwgbiNOaXg4PcpD,From Where You Are,Wolf Rider,From Where You Are,NHL
spotify:track:1KDYN3odJHnj9pqGHN3FVs,My Body,Young the Giant,Young the Giant (Special Edition),NHL
spotify:track:7KkJ968KdTGRmhbKvcsXTG,Dead But Rising,Volbeat,Outlaw Gentlemen & Shady Ladies (Deluxe Version),NHL
spotify:track:6urR6DTW4QeC41JHaG36pM,Grace,"Apocalyptica, HOTEI",Worlds Collide,NHL
spotify:track:3QO8W45i5w0WJF8AQtY1KN,This Is the End (For You My Friend),Anti-Flag,For Blood And Empire,NHL
spotify:track:6rEr7AsF3cmfUR3birakRF,Twilight Zone,2 Unlimited,Unlimited Hits & Remixes,NHL
spotify:track:3wJDoYAjOrF7DczuwljXbc,Golden Years,Disco Ensemble,Back On The MF Street,NHL
spotify:track:0ChpoNjXfJPjMvCIN6so6J,Memory,Sugarcult,Palm Trees and Power Lines,NHL
spotify:track:2XzxsUaQY3XASxOanctPKu,Whistleblower,Arkells,Michigan Left,NHL
spotify:track:4oC8pe581whBsRuxhGsKSQ,Just Got To Be,The Black Keys,Magic Potion,NHL
spotify:track:1juX6jryYxQbRBGOsbmx1j,Switchback,Celldweller,Celldweller,NHL
spotify:track:0qS4uqXel29arSGdRq8BAX,Stay with Me (Unlikely),Celldweller,Celldweller 10 Year Anniversary Deluxe Edition,NHL
spotify:track:6Sy9BUbgFse0n0LPA5lwy5,Sandstorm,Darude,"Before the Storm, Special Edition",NHL
spotify:track:0hchsYYeN0iSZSNHGLeWxE,Heroes of Our Time - Edit,DragonForce,Heroes of Our Time,NHL
spotify:track:2aJ4SR65U9hwJx2WwrX0tj,Tear Away,Drowning Pool,Sinner,NHL
spotify:track:25ECnhTKpu9FUdVFlCJ78k,Lies By the Thousands,Jet Set Satellite,Blueprint,NHL
spotify:track:1IXkEJYJoz0nBdkig900UX,Hands Tied,Mobile,Tomorrow Starts Today,NHL
spotify:track:25ub6rh1KRicLbKXK6afRi,Barely Listening,Pilot Speed,Into The West,NHL
spotify:track:0U4mU9qscVonG6SaVPtGVG,The Shake,The Elms,The Great American Midrange (Complete Edition),NHL
spotify:track:6JFiiJgKjz9kbcQN6wQsrJ,Fisting The Fan Base,The Night Marchers,Allez Allez,NHL
spotify:track:1fUbvpfkt9tZRG4Gysw9TC,Brand New Low,Treble Charger,Wide Awake Bored,NHL
spotify:track:05vxt9BW1gwuw3nuZ5VyvF,Lose Myself - Paris Blohm Remix,"Seven Lions, Lynn Gunn, Paris Blohm",The Throes Of Winter (Remixes),NHL
spotify:track:6vazLGzIzIZct7wsOXLJcx,Trouble (feat. Ryan Levine),"Ethel and the Chordtones, Ryan Levine",Trouble - Single,NHL
spotify:track:3mp0o6YcH8UQMUDpjkkCGb,Kids,FRENSHIP,Kids,NHL
spotify:track:7k1pfmKI7t0AprW7SEdFpC,Breaking Up My Bones,Vinyl Theatre,Electrogram,NHL
spotify:track:1XoMhaVxtcVukieSHOpBtn,You & Me,Skrux,You & Me - Single,NHL
spotify:track:4YgHATLbR0upDqxTKIvvvc,Hallelujah,Panic! At The Disco,Hallelujah,NHL
spotify:track:0LIU3eOAwXCZlWOiHuItkj,Help Our Souls (Urban Contact Radio Edit),NIHILS,Help Our Souls (Urban Contact Radio Edit),NHL
spotify:track:2FECjR5ZvfPGWnwXIY69NH,West End Kids,New Politics,West End Kids,NHL
spotify:track:27aftq9i01N0yVKZyimwlG,Crash 2.0 (Adventure Club vs Dallask),"Adventure Club, DallasK",Crash 2.0,NHL
spotify:track:34cnr5kNKHd78G0TAylIJ0,People Watching,Air Traffic Controller,People Watching,NHL
spotify:track:7nYYyGUvfPMTjjCwW0Zr0m,Fleet Foot,Black Pistol Fire,Fleet Foot - single,NHL
spotify:track:340ywvkRdlPLsS4hqJG5RM,Underestimated,"Maestro Fresh Wes, JD Era, JRDN",Compositions Volume 1,NHL
spotify:track:3I31taJxkFmoU1JvUtl58p,Righteous Smoke,Monster Truck,The Brown EP,NHL
spotify:track:4tbjl89ogitw2v5JgHezkz,Wake Up Call,Nothing But Thieves,Wake Up Call,NHL
spotify:track:6H2voUrqQxYH7Cne2OMESw,Figuring It Out,SWMRS,Figuring It Out,NHL
spotify:track:12MqM3S0fTvR6X4Jt1Xvn6,Until You Were Gone,"The Chainsmokers, Tritonal, Emily Warren",Until You Were Gone,NHL
spotify:track:1xvDDE2b6PtGSWqzVr1Mva,Somebody's Gonna Get It,Selves,Somebody's Gonna Get It,NHL
spotify:track:6GruDJuSzUcb7GABUDmhFk,Feeling Good,The Sheepdogs,The Sheepdogs,NHL
spotify:track:7ALHEynXlYl6F8GOLzbJvT,Young & Wild,The Strumbellas,Hope,NHL
spotify:track:3ARti7OUxxxhvruAhrw0Pd,No Way Out - Radio Edit,"Vicetone, Kat Nestel",No Way Out,NHL
spotify:track:7d9sZF7jmepe2EYdETlNWK,Hot Blood,KALEO,A/B,NHL
spotify:track:0IV3S8kcFYkDP31lmhBoYr,Fire That Burns,Circa Waves,Different Creatures,NHL
spotify:track:0OToXGn66H9YBHxOJgZsR5,Legend,The Score,Myths & Legends,NHL
spotify:track:1hGfgdUFMTcPTXuE5bzOyE,Air Is Free,Johnossi,Air Is Free,NHL
spotify:track:01oPNCtTniFT3YM4K3ksTf,Opposite Of Adults,Chiddy Bang,The Preview,NHL
spotify:track:0LZhW3lcqLJLfXkjAYTkzj,Day Glow Fire,Future Islands,The Far Field,NHL
spotify:track:5r3XCU8KfpGJBZGcrgVDD4,They Put A Body In The Bayou,The Orwells,Terrible Human Beings,NHL
spotify:track:3csEQ8iV47qDzfJysPJbpP,Be Who You Are,The Kooks,The Best Of... So Far (Deluxe),NHL
spotify:track:3meXdlcyYTgukuOfX6VyhJ,Amsterdam,Nothing But Thieves,Amsterdam,NHL
spotify:track:61bBxPSTQ1TCReRvhJwTWt,Hummingbird,Wildling,here,NHL
spotify:track:7vl8fltu4XgDKlgqIpf8J4,Watch Me Walk,Jay Watts,Watch Me Walk,NHL
spotify:track:4AzomjMRpr1NMNE90ZIOD6,Square Hammer,Ghost,Popestar,NHL
spotify:track:5ZyPd2f7AuUZfaMIrgyaec,The Revelator,CMD/CTRL,Born & Bred,NHL
spotify:track:5AvOV28mXmjfKpUhxR2Dzj,Shock Me Wide Awake,Layton,Shock Me Wide Awake EP,NHL
spotify:track:0QPo7oW4yxTzUjrXJmCZIy,The Man,The Killers,The Man,NHL
spotify:track:1EALzILzmIPtRIvYyo6Lwm,Fill in the Blank,Car Seat Headrest,Teens of Denial,NHL
spotify:track:5XGJoutF0GGQaEzljx7fq9,What We Started (feat. BullySongs),"Don Diablo, Steve Aoki, Lush & Simon, BullySongs",What We Started (feat. BullySongs),NHL
spotify:track:5xeGFT0xeaAtwXnuoq0OIo,Hit Parade,Mutemath,Hit Parade,NHL
spotify:track:6rqpLDjunctSEyV5s0A3VQ,Haven't You Heard?,The North Panics,Haven't You Heard?,NHL
spotify:track:6c7D34787LOtPm8tzhsLgH,Rake It Up,"Yo Gotti, Nicki Minaj",Rake It Up,NHL
spotify:track:1ctqupE3GzMPht97lkX6D7,All Roads Lead Home,Ohana Bam,All Roads Lead Home,NHL
spotify:track:2Y8V3jPU6QRpZHd8FKKeJY,People's Champ,Arkells,People's Champ,NHL
spotify:track:6DlEKalzWyOOqQMu92tr3V,MAKE IT TO MORNING,SUR,SAVAGE BEAST,NHL
spotify:track:4pqVNAghcrlYoFDGTMzQ67,Know My Name,The Blancos,Know My Name,NHL
spotify:track:3ZTVNcirP0VsMcMFIPOYEM,Favorite Color Is Blue,"Robert DeLong, K.Flay",Favorite Color Is Blue,NHL
spotify:track:1rqqCSm0Qe4I9rUvWncaom,High Hopes,Panic! At The Disco,Pray For The Wicked,NHL
spotify:track:7clyJIrLkEbXUDwj1tC9zz,Blood // Water,grandson,a modern tragedy vol. 1,NHL
spotify:track:5MCm0yJvZSxod3wPF034jG,Almost Had to Start a Fight/In and Out of Patience,Parquet Courts,Almost Had to Start a Fight/In and Out of Patience,NHL
spotify:track:0TjHQ0WesQmv9KJQrBd6kB,I'll Give You Everything,Phil Panton,Chasing A Youth,NHL
spotify:track:5P1neQtZt1ncaREEXcCdBD,Pulling Leaves off Trees,Wallows,Pulling Leaves off Trees,NHL
spotify:track:4CG2XyRrTdgeVlptAZEw4J,Good As Gold,Moon Taxi,Good As Gold,NHL
spotify:track:1nEEXq32QujXMphLIcWVWL,Goodlife,The Cool Quest,VIVID,NHL
spotify:track:6cQnrSlTxhHCCiUpKrs7g3,Jumpsuit,Twenty One Pilots,Jumpsuit / Nico And The Niners,NHL
spotify:track:210FIe1foJw0To7gfq1OpI,Psycho Star,King Tuff,Psycho Star,NHL
spotify:track:4zIO3ilp5HvTeK3HJHxhMP,Natural,Imagine Dragons,Natural,NHL
spotify:track:3Rw9J03nW964TruD23gfaS,When The Curtain Falls,Greta Van Fleet,When The Curtain Falls,NHL
spotify:track:6xKeAXx57GdiD1Upwemy03,Head Up,"Don Diablo, James Newman",FUTURE (Deluxe Edition),NHL
spotify:track:2ph6BRhGcUzc2W9wIulG5k,White Flag,Bishop Briggs,Church Of Scars,NHL
